,date,content,score,version,thumbs
0,2021-10-10 14:55:22,Bom regular,4,70.3.4,0
2,2021-10-08 16:29:51,√ötil,4,70.3.4,0
4,2021-10-08 09:52:24,Minha esposa tomou a primeira dose da Astrazenica dia 11/05 e a segunda dose dia 12/07. O que ela deve fazer se no app conect SUS s√≥ consta a primeira dose??,4,70.3.4,1
5,2021-10-06 16:58:29,deveria continuar logado ao sair do app,4,70.3.4,0
6,2021-10-05 13:33:18,Sem mais.,4,70.3.4,0
7,2021-10-05 13:10:26,"Gostei desse app j√° baixei meu certificado de vacina√ß√£o, agora funciona normal,pena que n√£o todas as vacinas. Mas j√° est√° de bom come√ßando com a vacina da COVID.",4,70.3.4,5
8,2021-10-05 11:18:47,Esperando para todos os dados estarem online e n√£o precisa mais andar com cart√£o de vacina√ß√£o.,4,70.3.4,0
9,2021-10-05 06:47:56,√ìtimo aplicativo,4,70.3.4,0
10,2021-10-04 17:36:44,"Bom , por√©m toda hora preciso ficar logando na minha conta, chega a ser chato.",4,70.3.4,0
11,2021-10-04 10:15:12,"Bom o aplicativo, acredito que poderiam unificar todas as vacinas tomadas.",4,70.3.4,0
12,2021-10-02 17:55:56,Bom,4,70.3.4,0
13,2021-10-02 15:48:56,"Boa tarde! Com a abertura das fronteiras necessitamos da op√ß√£o do nosso certificado de vacina√ß√£o covid em ingl√™s e/ ou espanhol, como estava antes. Atualmente s√≥ est√° em portugu√™s. Obrigada.",4,70.3.4,0
14,2021-10-01 09:28:42,util,4,70.3.4,0
15,2021-10-01 07:31:46,"√ìtima id√©ia, L√≥gico, precisa de mais atualiza√ß√µes e inclus√µes, mais j√° √© um avan√ßo.",4,70.3.4,0
16,2021-09-30 22:33:05,O app n√£o deixar voc√™ redefinir a senha j√° tentei de tudo p√©ssimo J√° em S√£o Paulo o app de l√° funcionando vergonha Rio de janeiro j√° foi cidade maravilhosa üòûüò†,4,70.3.4,0
17,2021-09-30 09:02:47,"Funciona muito bem, as informa√ß√µes s√£o precisas. √â leve e n√£o trava. S√≥ podia manter a sess√£o e n√£o pedir senha toda vez que vai usar.",4,70.3.4,0
18,2021-09-30 06:28:06,Tenho parte de informa√ß√µes sobre os procedimentos realizados.,4,70.3.4,0
19,2021-09-29 22:03:20,Fiquei impressionado de um app do governo funcionar t√£o bem. S√≥ n√£o dou 5 estrelas pois toda hora ele pede pra efetuar o login e vc precisa ficar tentando ver quais imagens do captcha marcar.,4,70.3.4,0
20,2021-09-29 14:14:37,"N√£o gostei muito, pois at√© agora n√£o entrou a segunda dose da vacina contra a Covid 19.",4,70.3.4,0
21,2021-09-29 11:45:04,√ìtimo aplicativo üòÅüëçüèΩ,4,70.3.4,0
22,2021-09-28 12:54:50,N√£o aparece a op√ß√£o de mudar o idioma e portanto n√£o consigo emitir o comprovante em ingl√™s.,4,70.3.4,0
23,2021-09-28 09:38:45,"Apesar de no momento s√≥ est√° sendo utilizado para a comprova√ß√£o da vacina√ß√£o contra a COVID-19, o aplicativo tem uma √≥tima premissa. Disponibiliza√ß√£o de exames, consultas, medicamentos e de outras vacinas, espero que o aplicativo seja desenvolvido mesmo e que n√£o pare apenas na fun√ß√£o de ser comprovante de vacina√ß√£o.",4,70.3.4,1
26,2021-09-25 12:35:57,"√â interessante, s√≥ falta poder marcar consultas",4,70.3.4,0
27,2021-09-24 14:13:16,"Tem bug no app... N√£o consigo emitir o comprovante de vacina√ß√£o em ingl√™s/espanhol. Esta op√ß√£o n√£o aparece para mim. √â poss√≠vel que ocorra quando ocorra esquema vacinal misto, com dois tipos de vacina diferentes.",4,70.3.4,0
28,2021-09-22 20:06:01,"Poderia ser melhor. Ap√≥s as √∫ltimas vacinas, algumas n√£o apareceram na carteira de vacina√ß√£o. Seria √≥timo se isso fosse atualizado.",4,70.3.4,0
29,2021-09-22 13:45:26,Bom,4,70.3.4,0
30,2021-09-22 12:14:36,"App bonito e intuitivo, mas pena que nem todos os recursos est√£o funcionado pelo fato deles estarem modificando pouco a pouco.",4,70.3.4,0
31,2021-09-21 11:14:20,"Muito bom, ajuda bastante com o hist√≥rico de vacina√ß√£o, muito melhor do que andar com carteira de vacinas.",4,70.3.4,0
32,2021-09-20 20:04:22,"Falta mostrar as outras vacinas por isso 4‚≠ê, mas √© promissor. Quem diria que a marca da besta j√° est√° prontinha na palma da nossa m√£o rsrsrsrsrsrsrs e pra quem divida, fica sem se vacinar pra ver se compra alguma coisa daqui a pouco. O jeito √© ir pra ro√ßa plantar o que for comer, virar cac e ca√ßar javali com tanques e armas de destrui√ß√£o em massa de acordo com fant√°stico kkkkkkkkkkkkkkkk",4,70.3.4,0
33,2021-09-20 10:46:27,Bom ate agora nenhum problema,4,70.3.4,0
34,2021-09-19 16:10:57,"Est√° cadastrado outro n√∫mero sus em minha conta, n√£o consigo mudar. Queria marcar consultas e exames.",4,70.2.9,0
35,2021-09-19 09:45:57,Otima,4,70.3.4,0
36,2021-09-18 18:37:05,A data da minha segunda dose est√° invertida pedi para retificarem.,4,70.3.4,0
37,2021-09-18 15:28:47,O caso √© que a minha vacina√ß√£o parece que nem registrada foi pq nem o certificado estou conseguindo adquirir,4,70.3.4,0
38,2021-09-18 04:01:56,√â bom s√≥ tem que melhorar um pouco tipo funcionar mesmo sem internet,4,70.3.4,0
39,2021-09-17 20:41:32,Gostei,4,70.3.4,0
40,2021-09-17 19:55:50,O app at√© que √© bom pra mim s√≥ n√£o √© melhor porque at√© agora n√£o achei o bot√£o de sair quando vc n√£o quer mais esta no app s√≥ vi o bot√£o de sair da conta do app mais o simples bot√£o de sair do app n√£o √© da conta e s√≥ do app n√£o vi talvez nem tem ü§∑üèª‚Äç‚ôÇÔ∏è e isso √© chato,4,70.3.4,0
42,2021-09-17 15:38:34,T√° dif√≠cil usar o app Jaque pra atualizar tem que ligar novamente... Se esqueceu a senha j√° era n√£o consegue mais pois o sistema e falho e imagens que precisa pra recuperar a senhora n√£o aparece.. concerta isso .. isso vale para o site tbm,4,70.3.4,0
43,2021-09-17 12:35:58,"A princ√≠pio, e levando-se em conta o prop√≥sito, muito √∫til. Se parar de funcionar retiro estrelas. Se perdurar funcionando, elevo a 5 üåü",4,70.3.4,0
44,2021-09-16 20:11:34,"Apenas n√£o gostei que tem fazer login a todo momento, poderiam resolver isso, o resto com o tempo vai se integrando a carteira de vacina√ß√£o de tudo.",4,70.3.4,0
45,2021-09-16 15:19:26,N√£o consegui emitir o certificado em ingl√™s e nem em espanhol.,4,70.3.4,0
46,2021-09-16 11:08:21,"Bom aplicativo, mas falta aparece mais vacinas. S√≥ mostra a de covid.",4,70.3.4,0
47,2021-09-16 10:23:47,Bom!,4,70.3.4,0
48,2021-09-15 14:15:36,Muito √∫til,4,70.3.4,0
49,2021-09-15 07:56:54,"A ideia √© boa, mas o centro de vacina√ß√£o do Cintra em S√£o Lu√≠s-MA enviou dados errados. Estou com duas primeiras doses, pelo menos apareceram as duas, mesmo que errado, antes s√≥ aparecia a segunda dose no lugar da primeira.",4,70.3.4,0
50,2021-09-14 18:42:49,"Bom, achei interessante a ideia de comprova√ß√£o de vacina, por√©m n√£o estou conseguindo criar conta, sempre diz para tentar mais tarde por um erro ocorrido. Problema recorrente pelo visto. Melhorem a√≠, por favor.",4,70.3.4,0
51,2021-09-14 17:11:08,N√£o t√¥ conseguindo entrar,4,70.3.4,0
52,2021-09-14 11:16:01,Show,4,70.3.4,0
53,2021-09-14 10:50:44,Parab√©ns aos Criadores do App! üëèüëèüëèüëèüëèüëèüëèüëèüëè,4,70.3.4,0
54,2021-09-14 06:57:02,Bom,4,70.3.4,0
55,2021-09-13 08:50:23,Precisa ter o mesmo mecanismo de entrada da CNH digital. Hoje √© necess√°rio fazer login praticamente todas as vezes que se abre o aplicativo.,4,70.3.4,2
57,2021-09-09 15:09:06,J√° tomei a segunda dose h√° mais de 20 dias e n√£o consta nenhuma informa√ß√£o no meu cadastro.,4,70.3.4,0
58,2021-09-09 00:23:36,"O aplicativo √© bom, mas √© necess√°rio atualiza√ß√£o constante para apresentar nas exig√™ncias de confirma√ß√£o da primeira dose.",4,70.3.4,0
59,2021-09-08 21:16:51,Esta demorando atualizar a segunda dose,4,70.3.4,0
60,2021-09-08 11:44:46,"Muito bom cmg deu tudo certo, rapido pr√°tico üôåüèª espero q continue assim",4,70.3.4,0
61,2021-09-08 09:11:01,"precisam corrigir o modo escuro, fica com texto branco no fundo branco e n√£o d√° pra ler.",4,70.3.4,0
62,2021-09-07 06:37:02,Muitas atualiza√ß√µes,4,70.3.4,0
63,2021-09-07 03:19:08,"Excelente aplicativo,n√£o trava,mto √∫til pra informa√ß√µes da nossa sa√∫de.",4,70.3.4,0
66,2021-09-05 13:15:14,"Nada mal. Consegui referir senha rapidamente. Minha vacina√ß√£o j√° estava cadastrada, √≠cones simples e objetivos. Informa√ß√µes claras. N√£o tive problema. S√≥ aguardo as informa√ß√µes serem atualizada aos poucos como o aplicativo mesmo diz q far√°.",4,70.3.4,23
67,2021-09-05 12:43:31,√ìtimas informa√ß√µes sobre vacinas.,4,70.3.4,0
68,2021-09-05 02:12:12,"Aplica√ß√£o interessante, traz os dados corretos. Precisa de melhorias mas entendo que est√£o fazendo isso gradativamente. Deveria ser extendido para permitir tamb√©m o hist√≥rico de medicamentos e consultas unificadas (particular + SUS). Muito √∫til. J√° usei o programa para ter descontos em lojas e restaurantes que consideram a vacina√ß√£o COVID como prioridade.",4,70.3.4,1409
69,2021-09-04 22:56:30,Sabem acompanhar a modernidade e com efici√™ncia est√£o de parab√©ns.,4,70.3.4,0
70,2021-09-04 22:22:04,Bom,4,70.3.4,0
71,2021-09-04 21:57:28,Faltou a op√ß√£o de compartilhar o PDF (certificado de vacina√ß√£o covid 19),4,70.3.4,0
72,2021-09-04 21:02:51,√ìtima fiz o cadastro deu certo e minha carteira de vacina virtual estava la tudo certo como esperava,4,70.3.4,0
74,2021-09-04 02:13:19,"Muito bom, consigo ver o meu comprovante de vacina√ß√£o contra covid-19.",4,70.3.4,0
75,2021-09-03 09:14:34,BOM,4,70.3.4,0
76,2021-09-03 07:48:11,Considerando que o app √© novo funciona bem. J√° √© um bom come√ßo.,4,70.3.4,0
77,2021-09-02 22:16:26,Show,4,70.3.4,0
79,2021-09-01 22:12:56,N√£o consigo emitir a carteira de vaciy em outra l√≠ngua,4,70.3.4,0
80,2021-09-01 20:01:07,So nao estou conseguindo deixar ele salvo no celular.,4,70.3.4,0
81,2021-09-01 14:24:51,Boa,4,70.3.4,0
82,2021-09-01 13:52:05,Aplicativo ainda apresenta muito erro,4,70.3.4,0
83,2021-09-01 13:13:57,Achei interessante! Como eu j√° tenho cadastro Ficou mais f√°cil!,4,70.3.4,0
84,2021-09-01 09:57:11,Aparece que retirei um medicamento chamado Gliconil em Brusque Santa Catarina. Sou da Bahia e nunca retirei tal medicamento. pesquisei e vi que √© um medicamento para diabetes. Nada haver isso a√≠,4,70.3.4,1
85,2021-09-01 07:06:29,"Melhorou muito. Parab√©ns! Contudo, acredito que o certificado de vacina√ß√£o em ingl√™s deveria inverter as datas de m√™s e dia. Nacionalidade e sexo tamb√©m n√£o deveriam ser em ingl√™s? No lugar de ""National Vaccination..."" n√£o deveria ser ""International""? Mas de qualquer forma, est√° √≥tima!",4,70.3.4,2
86,2021-08-31 23:04:09,"Ainda est√£o desenvolvendo, por√©m o projeto parece bem promissor com muitas informa√ß√µes √∫teis e mais f√°cil acesso! Em observa√ß√£o para melhorias futuras!",4,70.3.4,0
87,2021-08-31 19:04:16,Bom mas acho que o App poderia abrir por biometria.,4,70.2.9,0
88,2021-08-31 08:39:05,Bom,4,70.2.9,0
89,2021-08-30 20:11:41,Ok,4,70.2.9,0
91,2021-08-30 14:16:49,"Para atender ao que se prop√µe, necessita de melhorias!",4,70.2.9,0
92,2021-08-30 13:07:14,√ìtimo,4,70.2.0,0
93,2021-08-30 11:53:33,"A ideia √© extraordin√°ria, entretanto o sistema apresenta muita lentid√£o. Acredito que o governo deva investir mais no aplicativo.",4,70.2.9,0
94,2021-08-29 21:05:32,Excelente aplicativo..claro que com o tempo deve ficar melhor...apresenta tudo o que prop√µe.,4,70.2.9,0
95,2021-08-29 15:10:22,"Muito bom, s√≥ precisa atualizar.",4,70.2.9,0
96,2021-08-29 14:03:15,"Bom , muito bom",4,70.2.9,0
97,2021-08-29 13:31:09,Bom,4,70.2.9,0
98,2021-08-29 12:59:42,"N√£o consegui abrir a vers√£o em ingl√™s e espanhol do certificado pelo app, a op√ß√£o n√£o aparece mesmo seguindo o mesmo caminho que todos abrem, no meu n√£o aparece a op√ß√£o.",4,70.2.9,0
99,2021-08-29 08:59:54,Bom. Pode melhorar,4,70.2.9,0
100,2021-08-29 07:44:36,"O app n√£o salva o pdf, clica-se nele e n√£o acontece nada.",4,70.2.9,0
101,2021-08-29 00:12:54,Bom,4,70.2.9,0
102,2021-08-28 22:07:17,"Falta a alimenta√ß√£o de dados nos postos, farm√°cias e hospitais",4,70.2.9,0
103,2021-08-28 21:32:32,√ìtimo,4,70.2.9,0
105,2021-08-28 17:36:46,Vou dar somente 4 estrelas porque tive covid fiz exame no sus e n√£o apareceu no aplicativo,4,70.2.9,0
106,2021-08-28 17:32:11,"O app √© bom mais tem alguns erros como add n√∫mero de contatos importante, tentei adicionar e n√£o consegui.",4,70.2.9,0
107,2021-08-28 09:59:15,Muito bom !,4,70.2.9,0
108,2021-08-27 17:02:48,"O aplicativo tem v√°rios problemas, mas, cumpre o objetivo principal apesar disso.",4,70.2.9,0
109,2021-08-27 16:00:40,"O app √© interessante, mas apresenta algumas faltas, como a impossibilidade de trocar o idioma.",4,70.2.9,0
110,2021-08-27 14:44:12,"Nao aparece o meu registro de vacina√ß√£o da Covid, como proceder?",4,70.2.9,0
111,2021-08-27 14:40:00,"O aplicativo funciona bem, mas percebi dois erros quando gera o Certificado Nacional de Vacina√ßao. Em Ingles os dados gerados no Gender e Nationality estao em Portugues. No Gender aparece Feminino ou Masculino mas em Ingles o certo seria Female ou Male. No Nationality aparece Brasileira mas em Ingles o certo seria Brazilian. Outro erro a data de validade do certificado em Ingles mostra o ano 2121 e o mesmo certificado em portigues aparece correto o ano 2022",4,70.2.9,0
112,2021-08-27 12:27:20,Funciona.,4,70.2.9,0
114,2021-08-27 08:26:08,√ìtima iniciativa,4,70.2.9,0
115,2021-08-26 00:26:24,Bom! F√°cil e pr√°tico: recomendo,4,70.2.9,0
116,2021-08-24 21:48:11,E bom,4,70.2.7,0
117,2021-08-23 11:52:12,Meu celular est√° no tema escuro e no app ficou ileg√≠vel os menus e √≠cones,4,70.2.9,0
118,2021-08-20 11:06:14,"Depende de prestar aten√ß√£o ao instalar, pois tem outros app juntos mas no geral bom.",4,70.2.9,0
119,2021-08-19 22:39:31,Falta uma op√ß√£o de digitalizar a carteora de sa√∫de infantil/adulta que possui as vacinas n√£o cadastradas digitalmente. Poderiam tambem criar uma op√ß√£o de cadastro como doador de org√£os em vez de apenas um informativo (embora esse seja uma mudan√ßa maior que o app em si).,4,70.2.9,4
120,2021-08-18 19:12:19,Muito Esse App Mostra Tudo Sobre a Sua Sa√∫de,4,70.2.9,0
121,2021-08-18 10:38:13,"Gostaria de saber a quem reclamar da falta de lan√ßamentos de informa√ß√µes. Fazem duas semanas que tomei a segunda dose da vacina para a Covid19 e at√© agora n√£o consta no meu prontu√°rio. Agora, agosto de 2021, atualizaram minha carteira de vacina√ß√£o do SUS! Enfim, est√° correto.",4,70.2.9,0
122,2021-08-18 07:24:32,Pra algu√©m como eu ke vive perdendo doc's √© muito bom,4,70.2.9,0
123,2021-08-15 23:50:35,"√â meio limitado e precisa digitar CPF e senha todas as vezes que acessa, mas est√° ok, mostrou as vacinas de covid no sistema do SUS.",4,70.2.9,0
124,2021-08-15 17:25:07,N√£o tem a vers√£o em Ingl√™s conforme videos ou passo-a-passo para o fazer,4,70.2.9,0
125,2021-08-13 15:47:49,"A inten√ß√£o do app √© sensacional, por√©m precisa melhorar alguns aspectos. Por exemplo a quest√£o das vacinas, os exames e diagn√≥sticos, e poderia ter um capo que quando realizado exame de sangue sa√≠sse o tipo sangu√≠neo.",4,70.2.9,5
127,2021-08-11 07:33:34,Top,4,50.0.9,0
128,2021-08-10 17:14:31,N√£o h√° um chat para tirar d√∫vidas online.,4,70.2.9,0
129,2021-08-10 09:51:06,"O app √© bem intencionado, mas a realidade do ""SUS real"" est√° longe demais de ser compat√≠vel com a proposta da ferramenta. Seria muito bom se o app tivesse a fun√ß√£o de download do cart√£o do SUS em PDF, para impress√£o. As UBS mal possuem computadores, quem diria leitores de QR code.",4,70.2.9,2
130,2021-08-06 10:28:42,"Bem funcional, atualiza√ß√£o de vacina ok, faltam as consultas m√©dicas e medicamentos receitados, exames.",4,70.2.9,1
131,2021-08-04 21:17:12,Muito bom,4,70.2.9,0
132,2021-08-02 08:45:27,Falta um ponto de seguran√ßa no app. Entrar com digital ou senha!,4,70.2.9,0
133,2021-07-30 14:56:03,Ainda n√£o est√° com todas as informa√ß√µes que precisamos,4,70.2.9,0
134,2021-07-30 13:15:48,Vostaria de atualisar meu email. Esta errado n√£o consigo conwctar. Como ptoceder?,4,70.2.9,0
136,2021-07-23 16:50:33,"Eu Recomendo, s√≥ precisa melhorar o acesso, pois as vezes trava a comunica√ß√£o, .Cuidado quando digitar a senha, pra n√£o erra,pois ele bloqueia o acesso.",4,70.2.9,2
137,2021-07-20 01:33:25,Pessoas vacinadas contra Covid 19 com a Janssen n√£o est√£o conseguindo emitir o certificado em outros idiomas (ingl√™s e espanhol) quando v√£o corrigir esse erro no sistema?,4,70.2.9,0
138,2021-07-19 22:11:46,"Tava ruim pois quando eu queria verificar o registro da minha vacina da covid dava sempre ""servi√ßo indispon√≠vel"" agora concertaram isso.",4,70.2.9,0
139,2021-07-19 12:04:43,Uma √≥tima ferramenta,4,70.2.9,0
140,2021-07-19 11:07:15,O aplicativo √© bom. O problema √© depender das atualiza√ß√µes de governadores e prefeitos que querem derrubar o governo a qualquer custo.,4,70.2.9,1
141,2021-07-18 15:22:38,"O app tem uma √≥tima proposta, por√©m muitas fun√ß√µes ainda n√£o est√£o funcionando bem, com rela√ß√£o as vacinas ser√° muito bom quando contemplar outras al√©m da do COVID, a parte de doa√ß√£o de sangue tamb√©m foi uma √≥tima ideia mas no meu caso ainda n√£o est√° informando o hist√≥rico. Gostaria de sugerir itens relacionados a doa√ß√£o de medula e √≥rg√£os.",4,70.2.9,31
142,2021-07-16 13:29:37,"App funciona bem, por√©m quem foi vacinado com a Janssen (dose unica) n√£o aparece a op√ß√£o da carteira de vacina√ß√£o em ingles ou espanhol. Apenas para quem tomou vacina de duas doses! Seria legal corrigir isso.",4,70.2.7,1
143,2021-07-12 23:22:17,Eu tentei ver minhas consulta n√£o tem nenhuma informa√ß√£o e sobre resultados de exames tamb√©m n√£o tem.,4,70.2.7,0
144,2021-07-12 16:38:25,"Ficarei muito feliz quando entrar as vacinas que ja tomei em toda minha vida, porque minha mae perdeu munha carteirinha de vacina√ßao quando eu era adolescente.. Aguardo anciosa üòä",4,70.2.7,0
145,2021-07-11 22:32:24,"Bom App, para dar 5 estrelas acho que falta a op√ß√£o de exportar o verso do cart√£o. Tem a op√ß√£o de exportar a parte frontal do cart√£o como .png falta fazer o mesmo com o verso.",4,70.2.7,1
146,2021-07-11 18:16:21,Aplicativo est√° ainda iniciando (em desenvolvimento). Por enquanto verifico apenas as informa√ß√µes sobre a vacina covid 19. Se continuarem desenvolvendo ser√° de grande utilidade. Recomendo.,4,70.2.7,0
147,2021-07-10 11:29:26,Diagn√≥stico de expressividade do CONTE√öDO.,4,70.2.7,0
148,2021-07-09 08:20:33,"Se um funcion√°rio do USB/UBS (postinho de sa√∫de) tirar um print da rela√ß√£o de rem√©dios que eu tomo e postar em uma m√≠dia social, n√£o vai ser, no m√≠nimo, constrangedor?!",4,70.2.7,0
149,2021-07-08 13:23:42,Muito bom,4,70.1.8,0
150,2021-07-07 19:30:43,N√£o consegui transferir o documento para PDF.,4,70.2.7,0
151,2021-07-06 20:23:34,"Seria interessante podermos fotografar a carteira de vacina√ß√£o, como anexo de imagem. Assim, com permiss√£o do usu√°rio, o SUS teria acesso as vacinas aplicadas antes de 2020. Mas √© bom.",4,70.2.7,0
152,2021-07-06 19:40:14,Por enquanto estou achando √≥timo. V√°rias possibilidades para melhorar os servi√ßos do SUS no futuro.,4,70.2.7,0
153,2021-07-06 17:14:56,Bom,4,70.2.7,0
154,2021-07-05 19:34:14,"Bom app, mas tem um problema. Porque pedir toda hora para dar login? A cada vez que fechamos, ao entrar de novo, mesmo mostrando os dados pessoais na tela, o app diz que a sess√£o expirou e pede novo login. :(",4,70.2.7,9
155,2021-07-04 11:30:51,"Consigo ver as consultas pendentes e agendadas. Por√©m o App n√£o tem fun√ß√£o de sair. Ou seja, as vezes tenho que desinstalar para poder atualizar as informa√ß√µes. Pois as vezes n√£o dar pra logar e entrar novamente. Ent√£o as informa√ß√£os ficam desatualizadas do dia pro outro. Dentre outras coisas tamb√©m. O App n√£o est√° preparado para ajudar os usu√°rios.",4,70.2.7,290
156,2021-07-03 10:37:34,"Bom aplicativo. As minhas vacinas da COVID foram registradas automaticamente e ainda tem o certificado digital de vacina√ß√£o emitido pelo MS com os dados discriminados da dose recebida. Tor√ßo para que, futuramente, possa migrar as informa√ß√µes para uma carteira internacional de vacina√ß√£o.",4,70.2.7,14
157,2021-07-02 19:48:53,"Para ficar √≥timo, basta fazer oq promete ap√≥s a pandemia. O mais importante ser√° ter a carteira de vacina√ß√£o recuperada e digitalizada.",4,70.2.7,5
158,2021-07-02 06:08:02,N√£o tive nenhuma dificuldade em baixar o aplicativo e logo apareceu meus dados vacinais da corona v√≠rus e os rem√©dios de uso cont√≠nuo que utilizo. S√≥ tive que inserir os meus dados para contato e nada mais.,4,70.2.7,8
160,2021-06-30 22:10:05,"Excelente aplicativo, por√©m depois da √∫ltima atualiza√ß√£o n√£o tem bateria que chegue. O consumo √© fora do normal.",4,70.2.7,0
161,2021-06-30 15:40:13,Yyy√Ω‚Öûy‚Å∑asuaconta,4,70.2.3,0
162,2021-06-28 17:57:31,Gostei,4,70.2.5,0
163,2021-06-26 23:54:20,Meio complicado para acessar. Precisa melhorar.,4,70.2.5,1
164,2021-06-25 12:59:53,"√ìtimo aplicativo, mas as informa√ß√µes precisam ser disponibilizadas com maior rapidez.",4,70.2.5,0
165,2021-06-24 13:57:24,Necessita acertar alguns detalhes.,4,70.2.5,0
166,2021-06-22 10:20:14,Boa operabilidade,4,70.2.5,0
168,2021-06-21 20:10:36,Seria muito bom se o app notificasse o usu√°rio com rela√ß√£o a data da segunda dose da vacina√ß√£o da Covid-19. Quando nos vacinamos os dados s√£o inseridos na base de dados e isso ajuda na notifica√ß√£o. Fica a sugest√£o. Grato,4,70.2.5,4
169,2021-06-21 09:47:21,Bom,4,50.0.9,0
172,2021-06-17 21:53:57,Finalmente o aplicativo est√° funcional!,4,70.2.5,1
173,2021-06-17 10:40:19,"O app √© bom, mas precisa corrigir um bug: mesmo inserindo minha foto ela n√£o aparece no cart√£o nacional de sa√∫de virtual. S√≥ aparece em outra tela do app.",4,70.2.4,1
176,2021-06-12 11:47:56,"A ideia √© fant√°stica! Parab√©ns! Naturalmente melhorias ser√£o feitas conforme o uso, qualquer app √© assim.",4,70.2.4,2
177,2021-06-09 16:21:31,Adorei,4,70.2.3,0
178,2021-06-09 12:28:06,Gostei,4,70.2.4,0
179,2021-06-06 16:25:14,"Todo meu hist√≥rico s√≥ existe √† partir do covid, como issu?",4,70.2.3,0
180,2021-06-02 08:47:51,Precisa de melhorias,4,70.2.3,0
181,2021-05-29 16:25:03,Muito bom.,4,70.2.3,0
182,2021-05-28 11:27:22,"Estou come√ßando a utilizar... Parece bom... Se confirmar, dou 5 estrelas.",4,70.2.2,0
183,2021-05-27 19:59:26,Bom,4,70.2.2,0
184,2021-05-25 18:49:19,Agora consigo entrar novamente. Por√©m a carteira de vacina√ß√£o est√° desatualizada.,4,70.2.2,0
185,2021-05-23 06:33:23,Muito bom,4,70.2.2,0
186,2021-05-22 14:09:53,Muito √∫til. Os registros da minha vacina√ß√£o estavam dispon√≠veis minutos ap√≥s as aplica√ß√µes das doses.,4,70.2.0,2
187,2021-05-22 13:09:36,Muito boa experi√™ncia,4,70.2.2,0
188,2021-05-21 20:22:18,Muito bom,4,70.2.2,0
189,2021-05-21 07:24:46,"Bom aplicativo, por√©m poderia ter o exportar PDF da carteira do SUS. Seria bom para fornecer para escolas e planos de sa√∫de quando for solicitado. Outro ponto seria a possibilidade de gerenciar fam√≠lia. Assim poderia ter de meus filhos e esposa sem a necessidade de ter que saber o CPF e fazer logon usando a senhas deles. Outro ponto seria permitir ao cidad√£o informar as informa√ß√µes da carteira de vacina√ß√£o, para a equipe de sa√∫de apenas validar.",4,70.2.0,6
190,2021-05-18 23:36:35,"Neste momento, 18/05/2021 as 23:32, baixei o app conecte sus e entrei con minha senha do cadastro gov.br, e acessei com facilidade minha vacina covid19 com todos os dados e as duas doses, acessei tbm a medica√ß√£o que tomo de uso continua com todos os dados da medica√ß√£o, N√ÉO abriu exames e consultas .",4,70.2.0,0
192,2021-05-13 12:29:08,"Boa, poderia ter os hist√≥ricos de vacina√ß√£o.",4,70.2.0,0
193,2021-05-05 20:17:59,Precisa melhorar bastante. Informa√ß√µes desatualizadas.,4,70.2.0,0
194,2021-05-05 11:28:14,Agora tenho minha carteira de vacina√ß√£o digital! Parab√©ns ao desenvolvedor.,4,70.1.9,0
197,2021-04-28 10:05:31,"Quando tento inserir a minha imagem a partir da galeria do meu celular, o aplicativo fecha automaticamente.",4,70.1.8,0
198,2021-04-27 16:47:10,"App bom. √â poss√≠vel fazer o ""necess√°rio"".",4,70.1.8,0
199,2021-04-24 20:43:47,Bom app s√≥ falta a obrigatoriedade de todos m√©dicos colocar nele s√≥ dados de seus pacientes.,4,70.1.8,0
200,2021-04-24 16:33:53,Deveria ser mais f√°cil voltar do carrinho para o menu depois de cancelar um item.,4,70.1.8,0
201,2021-04-23 14:46:04,"At√© agora se mostra um App com grande potencial, espero que seja mesmo intregralizado e tenha todas nossas informa√ß√µes na palma da m√£o , ser√° muito bem vindo.",4,70.1.8,1
202,2021-04-23 14:36:09,App bom. Funcionou perfeitamente. Pena boa ter todas as vacinas j√° tomadas. Mas quem sabe futuramente.,4,70.1.8,0
203,2021-04-23 13:51:24,Muito √∫til,4,70.1.8,0
204,2021-04-22 11:20:25,"Como o aplicativo √© novo, por enquanto estou gostando, nos mostra o registro da vacina do Covid j√° tomada e tem outras informa√ß√µes gerais interessantes. Como disseram, v√£o abastecer depois com as outras vacinas e informa√ß√µes gerais da pessoa que utiliza o SUS com seus dados. Se isso realmente acontecer, ser√° bem legal e √∫til.",4,70.1.8,0
205,2021-04-22 07:50:52,"Um aplicativo √≥timo, porem falta os registros das minhas vacinas .",4,70.1.8,1
206,2021-04-21 15:49:46,Toda vez que tento ver o hist√≥rico de vacina√ß√£o e emitir o certificado d√° um erro.,4,70.1.8,0
207,2021-04-21 11:59:03,"Achei um √≥timo aplicativo, f√°cil e intuitivo e informativo! Avaliarei em 5 estrelas quando estiver atualizado com meus dados.",4,70.1.8,0
208,2021-04-21 07:00:27,Boa,4,70.1.8,0
209,2021-04-18 09:04:15,"√â bom sim, f√°cil de usar. Em cada campo tem a informa√ß√£o de que ser√° atualizado gradativamente. A 5a. Estrela ser√° dada assim q houver a atualiza√ß√£o das informa√ß√µes.",4,70.1.8,13
210,2021-04-16 11:37:52,"Bom app,mas precisa de atualizar.",4,70.1.8,0
211,2021-04-16 09:56:36,App bom..,4,70.1.6,0
212,2021-04-16 08:09:17,Bom. Precisa atualizar a tabela de vacina√ß√£o dos usu√°rios.,4,70.1.6,0
213,2021-04-15 18:39:09,"Boa noite,poderia melhorar na parte de login,colocar para fazer o login com a digital. Toda vez que abre o app tem que colocar CPF eu n√£o sou robo",4,70.1.8,5
214,2021-04-14 22:09:56,"Por estar em desenvolvimento vou dar quatro estrelas, espero que realmente melhore",4,70.1.8,2
216,2021-04-03 19:08:29,Bom.,4,70.1.6,0
217,2021-04-03 13:03:41,N√£o funciona. Na hora de fazer o login n√£o entra.,4,70.1.5,0
219,2021-03-31 14:54:01,Consulta sobre transferencia de conta corrente e atualiza√ß√£o de endere√ßo.,4,70.1.6,0
221,2021-03-28 20:23:24,"Infelizmente todo o meu hist√≥rico de vacina√ß√£o e exames n√£o est√£o exibidos no app o que seria bem interessante acompanhar as vacinas que j√° tomei e as que preciso tomar, e o recaptcha na hora de login n√£o funciona direito e o bot√£o de confirmar sempre some no momento, fora isso, amei o app do SUS, trabalharam bem :)",4,70.1.5,4
223,2021-03-26 15:04:29,Muito bom,4,70.1.5,0
224,2021-03-26 12:16:22,"Precisam incluir a op√ß√£o de salvar cart√£o em PDF, assim como √© poss√≠vel na CNH-Digital",4,70.1.5,0
225,2021-03-24 23:48:14,"Tem a op√ß√£o de colocar informa√ß√µes como alergia, contato para emerg√™ncias... falta a op√ß√£o Tipo sangu√≠neo",4,70.1.5,0
227,2021-03-20 18:37:24,Precisa melhorar a taxa de atualiza√ß√£o dos dados referente as consultas e exames.,4,70.1.5,0
228,2021-03-19 19:14:46,Muito bom,4,70.1.5,0
229,2021-03-13 22:06:26,"Aplicativo bom, por√©m precisam consertar as datas, o m√™s da 1 dose e consertar a 2 dose que que t√° l√° como 1 dose das aplica√ß√µes da vacina coronavac. Por exemplo eu tomei a 1 dose no dia 29/01/21 no app t√° constando que tomei no dia 22/02 e a 2 dose est√° com a data e o m√™s certo que √© 26/02 por√©m est√° constando 1 dose e n√£o 2 dose.",4,70.1.5,0
230,2021-03-13 01:53:57,Bom,4,70.1.4,0
231,2021-03-10 19:38:51,"√önico problema √© que tem que ficar ligando direto, n√£o entra e fica salvoüòë fora isso √© um app bom, esperando as atualiza√ß√µes...",4,70.1.4,0
233,2021-03-09 22:22:33,"Plataforma boa, poderia ser melhor alimentada com as informa√ß√µes dos usu√°rios como as vacinas j√° tomadas e as que ainda faltam, alertas de campanha de vacina√ß√£o e etc. O app pode ser at√© uma carteira de vacina√ß√£o digital. Ou seja v√°rias funcionalidades ent√£o fica a dica.",4,70.1.4,12
234,2021-03-08 08:49:25,√ìtima simples de usar,4,70.1.4,0
235,2021-03-06 18:32:32,√ìtimo,4,70.1.4,0
236,2021-03-05 18:17:35,"O App antes dava a op√ß√£o de verificar minha carteira de vacina√ß√£o, mais agora simplesmente sumiu.",4,70.1.4,0
237,2021-03-04 10:38:28,Me facilita bastante com a data da retirada de medicamentos do farm√°cia popular,4,70.1.4,0
239,2021-03-02 12:32:54,"O banner de apresenta√ß√£o impede de fechar o app, precisa melhorar isso!",4,70.1.3,1
240,2021-03-01 16:42:07,Bom,4,70.1.2,0
241,2021-02-28 21:40:35,Gostei muito.,4,70.1.2,0
242,2021-02-27 19:15:27,"A ideia do app √© muito boa! Reavaliando o aplicativo, percebo uma significativa melhora no projeto. Consegui fazer login na plataforma, e acredito que v√° melhorar com futuras atualiza√ß√µes. Algumas fun√ß√µes ainda n√£o funcionam perfeitamente, mas, o tempo deve ajudar nesse sentido. Parab√©ns! Viva o SUS!",4,70.1.2,70
243,2021-02-25 23:13:27,O hist√≥rico de vacinas n√£o est√° apto para mim. Ele mostra todas as vacinas tomadas desde a inf√¢ncia ou apenas ap√≥s a cria√ß√£o do App? Se for desde o in√≠cio da vida o meu n√£o mostra nenhuma. Quando estar√° dispon√≠vel resultado do teste Covid?,4,70.1.1,6
244,2021-02-23 20:21:41,Bem pr√°tico,4,70.1.1,0
246,2021-02-20 13:42:07,"No primeiro acesse digitei as informa√ß√µes solicitadas (nome da m√£e, etc...) conforme consta no CadSUS WEB. Na hora de enviar o PIN no meu e-mail n√£o chegou nada e faz 5 horas que estava esperando o PIN com o app minimizado... O que houve?????",4,70.0.9,1
247,2021-02-19 07:00:17,Muito bom. Quando come√ßar a juntar os dados ficar√° top.,4,70.1.0,0
248,2021-02-17 23:26:35,"A ideia √© perfeita, mas o app ainda n√£o oferecer tudo que promete, espero ansiosamente as pr√≥ximas atualiza√ß√µes",4,70.1.0,0
249,2021-02-13 05:43:25,üòçüòçüòçüòçüòçüòçüòéüòéüòéüòéüòé,4,70.1.0,0
250,2021-02-12 21:35:47,Bom mas pode melhorar as fun√ß√µes,4,70.1.0,0
251,2021-02-11 15:46:43,"A ideia √© muito boa. Mas n√£o aparece nada no meu hist√≥rico, nenhuma vacina. N√£o mostra minhas consultas agendadas e nem a fila de espera que estou. Sendo que das outras pessoas da minha casa mostra tudo.",4,70.1.0,1
252,2021-02-09 18:56:13,So acho falho n√£o todas as informa√ßoes de servi√ßos anotados.,4,70.0.8,0
253,2021-02-09 12:36:24,S√≥ poderia ser atualizado com todo o hist√≥rico de vacinas e atendimentos.,4,70.0.9,1
254,2021-02-09 10:28:01,Bom,4,70.0.9,0
255,2021-02-05 12:57:52,√ìtimo para n√£o precisar carregar o cart√£o por a√≠.,4,70.0.8,0
256,2021-02-04 08:45:11,"Pensei que iamos pode marca consultas pelo app .. Gostei , mais esperava mais o aplicativo!",4,70.0.8,0
258,2021-02-02 16:16:41,"Muito bem organizado! Apesar disso, n√£o sei se n√£o est√° aparecendo... mas j√° que utiliza dados da CNS, poderia mostrar as vacinas j√° tomadas pelo usu√°rio e as que ainda n√£o foram tomadas. Isso ajudaria muito! Principalmente pra quem perdeu a caderneta impressa ou coisa do tipo...",4,70.0.8,18
259,2021-02-02 09:24:00,"D√≥i da √°rea da sa√∫de e o app mostra o essencial. N√£o vai mostrar agendamentos pelos postos de sa√∫de e sim pela Central de regula√ß√£o. Apareceu a vacina sim do covid que tomei e a pr√≥xima que irei tomar. Aparece o seu n√∫mero do cart√£o do sus, os agendamentos pela fila de espera.",4,70.0.8,2
260,2021-01-31 18:02:55,"√ìtimo para gerenciar seus medicamentos ,fornecidos, cart√£o do SUS e vacinas,est√° faltando apenas a integra√ß√£o para dados de consulta e etc..a interface de navega√ß√£o n√£o aceita o bot√£o voltar para sair do app.",4,70.0.8,0
263,2021-01-29 00:36:17,Quero inscrever outra pessoa e n√£o consigo.porque ao abrir o aplicativo j√° entra no.meu cadastro.,4,70.0.4,0
265,2021-01-25 12:57:13,"Dependendo do atendimento,dou mais estrelas!",4,70.0.8,0
266,2021-01-24 18:18:34,√ötil,4,70.0.6,0
267,2021-01-22 12:00:09,O aplicativo est√° melhorando a cada atualiza√ß√£o.,4,70.0.6,0
269,2021-01-22 08:30:19,Muito bom,4,70.0.4,0
270,2021-01-21 10:51:58,Otimo,4,60.0.7,0
271,2021-01-21 03:58:00,"Bom gostei,at√© o presente momento n√£o tenho o que reclamar,mais ser√° que posso tamb√©m fazer um agendamento.",4,70.0.5,0
272,2021-01-20 19:17:03,"O SUS est√° de parab√©ns, gratid√£o. Imagine se n√£o tivesse toda a corrup√ß√£o.",4,70.0.4,0
273,2021-01-20 12:38:09,"Funcionou ok pra mim, trazendo meus dados atualizados, permitindo colocar foto e ver minha carteirinha do SUS. A parte de alergias √© pouco abastecida e d√° alguns erros ao incluir manualmente, precisa ser melhor otimizada. Falta poder ver as vacinas que j√° tomei pelo app pra ganhar nota m√°xima.",4,70.0.4,0
274,2021-01-18 21:05:22,Gostei ! poderia notificar pacientes de consultas no posto de sa√∫de/ especialistas e exames ! O √≠ndice de absebteismo √© alto,4,70.0.4,0
275,2021-01-18 20:15:30,"Bom, mas falta ainda alguns complementos...",4,70.0.4,0
276,2021-01-18 13:33:15,Muito bom. Mas ainda nao merece 5 estrela.,4,60.0.7,0
277,2021-01-18 13:30:36,Aplicativo n√£o est√° otimizado para tema escuro.,4,70.0.4,0
278,2021-01-18 11:45:56,"Estou s√≥ na observ√¢ncia, depois lhes falo.",4,70.0.4,0
279,2021-01-16 16:07:33,"J√° melhorou alguma coisa, mas ainda tem muito o que melhorar.",4,70.0.4,0
280,2021-01-15 18:34:34,√ìtimo..,4,70.0.4,0
281,2021-01-15 13:15:58,Muito √∫til,4,70.0.4,0
282,2021-01-15 11:08:10,"Seria necess√°rio, um espa√ßo onde pudesse apresentar uma curta anamnese do paciente, com informa√ß√µes importantes sobre seu hist√≥rico de sa√∫de e doen√ßa, caso no momento da consulta o paciente √± conseguisse explicar. Tentei por minha anamnese e √± consegui.",4,70.0.4,0
283,2021-01-14 19:03:30,"√â meio confuso, algumas fun√ß√µes n√£o funcionam, mas salva bastante quando preciso do n√∫mero do meu cart√£o do SUS",4,70.0.4,0
284,2021-01-14 14:07:38,"Achei excelente a iniciativa, de ter todas as suas informa√ß√µes seja de vacinas, tratamentos, rem√©dios etc tudo em um app, infelizmente n√£o h√° nenhuma informa√ß√£o minha, das vacinas que tomei, das doa√ß√µes de sangue... Acredito que em quest√£o de tempo todas as informa√ß√µes de todos os brasileiros j√° estar√£o dispon√≠veis no app e integrados aos postos de sa√∫de e hospitais do pa√≠s!",4,70.0.4,51
285,2021-01-13 16:06:13,"Aplicativo bom, pelo padr√£o horr√≠vel que o governo sempre faz as coisas. S√≥ faltou a op√ß√£o de seguran√ßa, para trocar a senha, colocar o reconhecimento facial ou a pr√≥pria digital. De resto, n√£o tenho o que reclamar. Por enquanto.",4,70.0.4,2
286,2021-01-12 22:38:02,√â a partir do cadastro nesse aplicativo que eu ganho direito √† vacina ou √© necess√°rio algo mais ?,4,70.0.4,0
287,2021-01-12 20:12:28,Falta op√ß√£o para cadastrar COVID. Bem como falta da op√ß√£o para atualiza√ß√£o cadastral.,4,70.0.4,1
288,2021-01-12 13:23:10,Modo escuro est√° com problemas.,4,70.0.4,0
289,2021-01-12 08:23:45,√â um bom come√ßo... SUS o futuro de todos.,4,70.0.4,0
290,2021-01-06 18:31:56,"Utilizo com frequ√™ncia necess√°ria. Sugiro que o nome do APP seja apenas SUS. Qdo orocuro na ordem alfab√©tica, demoro a achar, coisa de idoso. Sugiro tamb√©m que o CPF seja sempre lembrado, tr√™s primeiros e os dois √∫ltimos algarismos. Falicitar√° muito.",4,70.0.4,1
291,2021-01-06 01:23:35,"Acredito que o app tem sim √† melhorar... Mas pra in√≠cio, t√° no rumo. N√£o espere que todo seu hist√≥rico cl√≠nico esteja dispon√≠vel em poucos meses de teste. Afinal, chegou pelo an√∫ncio pandemico. E tem gente que usa disso pra politizar dizendo que o Brasil n√£o √© um pa√≠s s√©rio üôÑ. S√≥ pq ainda n√£o entregou um app que NINGU√âM pediu, que NINGU√âM esperava. T√° a√≠, aprimoramentos vir√£o e para os coment√°rios desnecess√°rios... que esperem!",4,70.0.4,54
293,2020-12-23 13:41:32,Gostei do app. Mas n√£o consegui contactar a ouvidoria para questionar o motivo do meu CNS f√≠sico diferir do apresentado no app.,4,70.0.4,0
295,2020-12-16 11:14:38,"Teve um pequeno bug quando tentei criar minha conta mas em seguida tentei novamente e deu certo. App com proposta interessante, exibe os hospitais mais pr√≥ximos e tem informa√ß√µes muito pertinentes sobre campanhas de vacina√ß√£o para cada faixa et√°ria.",4,70.0.3,1
296,2020-11-27 09:23:50,Poderia ter a op√ß√£o de atualizar o cadastro tipo endere√ßo telefones sem a necessidade de ir a um posto de sa√∫de isso ajudaria e evitaria aglomera√ß√£o nos postos,4,70.0.2,1
297,2020-11-25 22:11:40,Voltou a funcionar normalmente. Bom app!,4,70.0.2,0
298,2020-11-13 20:35:45,Bom,4,70.0.3,0
299,2020-11-12 09:20:24,Tem que evoluir ainda. Por enquanto 4 stars,4,70.0.3,0
300,2020-11-10 08:21:55,"Gostei do que estou vendo at√© agora, meu exame foi marcado recebi um SMS da ubs que realizou a marca√ß√£o mas quando entro no site diz que est√° aguardando autoriza√ß√£o, baixei o App √© consta a marca√ß√£o, muito bom.",4,70.0.3,5
301,2020-11-06 10:04:55,Muito boa a iniciativa de tornar digital o registro no SUS. Quando todas as informa√ß√µes estiverem centralizadas ser√° ainda melhor. Lancem a funcionalidade de cart√£o de vacinas neste app.,4,70.0.3,9
302,2020-11-05 11:27:53,O governo poderia distribuir cart√£o tipo magn√©tico.,4,70.0.3,0
303,2020-11-03 21:15:46,"Ja da pra marcar consulta, bem bacana, ver os especialistas e m√©dicos . Da pra ver as vacinas q tomou na carderneta digital(2020). E diz a validade. Contudo apesar de eu est√° cadastrado em uma equipe de sa√∫de b√°sica, por algum motivo n√£o aparece no app. N√£o dando pra marcar consulta.",4,70.0.3,0
304,2020-11-01 15:23:04,"Poderiam atualizar nossas vacinas que est√£o ainda no papel f√≠sico. Tenho todas como comprovar desde o meu nascimento, mas a US que morro n√£o se disp√µem a atualiza√ß√£o. Do mais, tem tudo pra d√° certinho. J√° apareceu minha √∫ltima dose de febre amarela e meu exame que realizei este ano.üôèüèª",4,70.0.3,8
305,2020-10-28 10:34:26,Muito bom,4,70.0.2,0
307,2020-10-19 08:27:59,Adoraria poder usar mas nao consigo pois mesmo recadastrando minha senha nao consigo acessar meu perfil no app.,4,70.0.1,0
308,2020-10-13 09:52:29,"Estou dando 4 estrelas, porque ainda tem que melhorar um pouco.",4,60.0.7,0
309,2020-10-11 16:52:58,"Ser√° uma ferramenta importante no futuro, mas depende das diferentes unidades de sa√∫de alimentarem o sistema com os atendimentos e procedimentos. Imagino at√© que poderia ser uma ferramenta de fiscaliza√ß√£o por parte do usu√°rio, com algumas novas fun√ß√µes. Mas j√° evoluiu em rela√ß√£o as vers√µes anteriores.",4,70.0.1,19
310,2020-10-07 00:08:14,Poderia ter a op√ß√£o de marcar consultas direto do app.,4,70.0.1,0
311,2020-09-22 18:20:12,"A op√ß√£o de colocar peso s√≥ aceita 2 n√∫meros antes e 2 n√∫meros depois da v√≠rgula resumindo o peso m√°ximo a 99,99 kg",4,60.0.7,0
312,2020-09-13 23:19:02,Pr√°tico,4,60.0.7,0
313,2020-08-29 23:50:27,Muito bom,4,60.0.7,0
314,2020-08-23 13:36:55,Bom,4,60.0.7,0
315,2020-08-18 11:31:28,"S√≥ d√° pra usar quem tem CPF. Deveria ter a op√ß√£o de cadastrar sem ele, j√° que nem todas as crian√ßas possuem CPF.",4,50.0.9,0
316,2020-08-18 09:43:49,"A id√©ia do app √© muito boa. Em termo de funcionalidades, oferece muita comodidade ao usu√°rio do SUS. Mas infelizmente, o atendimento no servi√ßo p√∫blico de sa√∫de ainda √© anal√≥gico, papel e caneta mesmo, o que dificulta o lan√ßamento e atualiza√ß√µes das informa√ß√µes no app.",4,60.0.7,0
317,2020-08-16 23:00:03,"Muito bom. Por√©m deveria ter mais op√ß√µes, como importar exames antigos, maior organiza√ß√£o das estruturas de cart√µes. No caso de alergias, poderia ser mais edit√°vel e aparecer a alergia adicionasa de modo melhor, incluindo as classifica√ß√µes e metodologia de descoberta. O app tamb√©m poderia ser atualizado para se realizar pesquisas sobre os usu√°rios do SUS, bem como da condi√ß√£o de sa√∫de geral da popula√ß√£o. Tamb√©m sugiro o suporte ao modo escuro, bem como maior acessibilidade a dalt√¥nicos.",4,60.0.7,0
318,2020-08-13 09:50:34,"No c√°lculo do IMC, s√≥ e poss√≠vel digitar 2 casas decimais, e o c√°lculo gera uma distor√ß√£o no resultado",4,60.0.7,0
319,2020-08-07 23:11:47,"O app perdeu recursos em rela√ß√£o √† vers√£o anterior, como a vincula√ß√£o de familiares (muito importante ao meu ver, principalmente quando se √© respons√°vel por idosos ou crian√ßas), entre outros.",4,60.0.7,1
322,2020-07-23 17:30:55,"O app √© bem bacana e organizado, s√≥ senti falta de um feed de not√≠cias sobre a √°rea da sa√∫de. Informando sobre vacina√ß√µes dispon√≠veis, medicamentos dispon√≠veis, e informa√ß√µes sobre os posto de sa√∫de. Esse tipo de informa√ß√µes seria bem √∫til para deixar a popula√ß√£o mais presente na √°rea da sa√∫de.",4,60.0.6,9
323,2020-07-10 19:41:33,"O n√∫mero do CNS gerado √© diferente do n√∫mero CNS que tenho impresso. Gostaria de entender o porqu√™,se √© normal?",4,60.0.6,0
324,2020-07-08 21:41:09,Bom,4,60.0.6,0
325,2020-07-07 06:23:03,Bem interessante. Gostei!,4,60.0.6,0
326,2020-06-27 08:11:24,Muito interessante a ideia do aplicativo. Por√©m deveria ter uma forma de salvar o login. O MGApp usa o Gov.br para autentica√ß√£o e salva o login. N√£o entendo porque os outros n√£o fazem o mesmo. Deveria ter tamb√©m orienta√ß√µes de como atualizar as informa√ß√µes que aparecem no app.,4,60.0.6,22
327,2020-06-24 19:39:27,Recomendo.,4,60.0.5,0
328,2020-06-20 10:21:19,"Gostei do App, s√≥ tem um por√©m, meu filho tem um ano, quando coloco informa√ß√µes retroativas ele n√£o aceita, s√≥ aceita informa√ß√µes do dia! Ent√£o a carteira fica com falha. No mais gostei, espero que a rede p√∫blica utilize o sistema!",4,60.0.5,1
329,2020-06-19 07:29:23,Precisei desinstalar e agora da erro n√£o abre mais...,4,60.0.5,0
331,2020-06-17 08:45:55,Bom,4,60.0.5,0
332,2020-06-15 11:44:17,"Olha, surpreendeu! E conforme forem acrescentando mais dados ficar√° melhor ainda. Podiam linkar de alguma forma os membros da familia... Para quem tem filho pequeno e tals. üòä",4,60.0.5,2
333,2020-06-14 20:54:06,Bom,4,60.0.5,0
334,2020-06-14 14:21:17,Depois dessa atualiza√ß√£o o aplicativo n√£o consigo acessar o cart√£o do sus,4,60.0.5,0
335,2020-06-10 17:18:22,Adicionem a possibilidade de salvar em pdf o cart√£o do SUS.,4,60.0.5,0
336,2020-06-10 00:54:11,Que tal atualizar tamb√©m o aplicativo VivaBem? Atualizar e fazer com volte a funcionar! J√° faz tempo que n√£o mostra mais nenhuma informa√ß√£o,4,60.0.3,0
337,2020-06-06 20:01:53,"A inten√ß√£o √© boa, mas n√£o estou conseguindo adicionar um beb√™ de 2 meses como familiar (j√° tem CPF, j√° tem cadastro no Gov.br). E eu como adulta gostaria de poder adicionar as vacinas que j√° tomei na inf√¢ncia e adolesc√™ncia, para n√£o ter que carregar pap√©is.",4,60.0.3,23
338,2020-06-01 03:39:42,√â bom mas precisa melhorar muito,4,60.0.3,0
340,2020-05-29 23:37:56,"Aplicativo muito bom, f√°cil de usar!",4,60.0.3,0
341,2020-05-28 19:37:19,√ìtimo,4,51.0.1,0
342,2020-05-28 18:24:29,O aplicativo √© bom por√©m eu preciso mudar uma coisa no meu cadastro e n√£o consigo preciso ter acesso ao meu cart√£o pra ver o numero e n√£o tenho acesso pq quando eu cadastrei optei por cadrastra pelo banco do brasil por√©m o banco na me envia o c√≥digo e eu n√£o consigo ter acesso ao meu numero do cartao gostaria muito de excluir este cadrastro e fazer outro somente com o CPF igual foi feito os dos meus filhos infelizmente dependo do numero do sus pra come√ßar trabalhar em uma empresa.,4,51.0.1,0
343,2020-05-25 16:05:44,Conseguiu abrir ap√≥s eu desinstalar e instalar novamente.,4,51.0.1,0
344,2020-05-24 07:57:21,Muito bom o aplicativo. Falta a op√ß√£o de permitir editar os dados do assegurado no caso de falta ou erro.,4,51.0.1,0
347,2020-05-18 08:22:54,"Para quem est√° com problemas, uma solu√ß√£o √© apagar o aplicativo antigo e baixar o novo. Fiz isso e est√° funcionando normalmente.",4,51.0.1,0
348,2020-05-17 23:16:36,Bom,4,51.0.1,0
349,2020-05-16 08:48:56,Existe diverg√™ncia do hor√°rio de exame agendado que foi entregue impresso com o hor√°rio que aparece no aplicativo (16:00 e 15:00 respectivamente).,4,50.0.9,1
350,2020-05-15 22:31:07,"O app se atualizou, mudou o nome de DigiSUS para Conecte SUS sem avisar, e o que √© pior, desde ent√£o n√£o funciona. Perdi acesso ao sistema. Avalia√ß√£o: in√∫til. Desinstalado.",4,51.0.1,2
351,2020-05-15 17:51:43,Bom...,4,51.0.1,0
352,2020-05-15 14:30:40,"Depois da atualiza√ß√£o, n√£o est√° entrando mais!",4,51.0.1,0
353,2020-05-15 03:08:11,"Para quem tinha o DigiSUS (app anterior) instalado, e agora o Novo App n√£o abre, √© necess√°rio limpar todos os dados do Novo App, nas configura√ß√µes do seu telefone e abrir o App novamente OU desinstalar e reinstalar novamente o App. Em temos de conte√∫do, pouco mudou, por√©m o layout e a apresenta√ß√£o dentro do Novo App est√£o diferentes.",4,51.0.1,29
354,2020-05-14 21:32:52,"Dar o numero atual do cartao SUS sem precisar ir a uma Unidade de Saude. Se tivesse todas as informa√ß√µes medicas, pelo menos as vacinas, daria 5 estrelas. Bom aplicativo!",4,51.0.1,0
355,2020-05-06 10:51:34,Bom.,4,50.0.9,0
357,2020-04-28 18:48:59,Bom,4,50.0.9,0
359,2020-04-27 13:42:00,muito bom mais podia ser melhor alem dos hospitais podia imformar tambem as upas no mapa,4,50.0.9,0
360,2020-04-25 18:24:45,Est√° melhorando. Bom mesmo seria se guardasse as informa√ß√µes da carteira de vacina√ß√£o de papel e se avisasse quando ter√≠amos que tomar a pr√≥xima vacina.,4,50.0.9,1
361,2020-04-25 13:42:15,"A ideia do app √© excelente. Contudo, n√£o consigo visualizar os dados dos meus familiares na op√ß√£o ""adicionar um familiar"". Sendo que adicionei familiares atrav√©s do site, mas pelo app n√£o consigo visualizar, e quando clico em ""adicionar um familiar"" no app n√£o abre p√°gina nenhuma. Voc√™s precisam consertar esse erro, por favor!",4,50.0.9,23
362,2020-04-22 15:23:51,J√° √© um avan√ßo. Parab√©ns.,4,50.0.9,0
363,2020-04-21 00:01:31,"Ao clicar em Vacinas administradas, quando h√° vacinas atrasadas, aparece um erro ortogr√°fico! Ao inv√©s de atrasada, aparece ""aprazada""!",4,50.0.9,0
365,2020-04-14 15:28:23,"Precisa melhorar. O app ainda n√£o possui uma fluidez para os usu√°rios. Precisam ""desburocratizar"" um pouco.",4,50.0.1,1
366,2020-04-14 00:13:17,"Foi atualizado e agora tem todas as informa√ß√µes de atendimento ao SUS, seu hist√≥rico, agendamentos, medica√ß√£o.. Muito eficiente.",4,50.0.9,1
367,2020-04-11 13:51:10,Parabenizo e agrade√ßo pelo excelente servi√ßo. Muit√≠ssimo obrigado!,4,50.0.9,0
368,2020-04-11 11:36:55,"Uma sugest√£o: Governo, temos um login e uma senha, poderiam criar todos os ambientes para o cidad√£o em um √∫nico app. Seria bem melhor.",4,50.0.9,0
369,2020-04-10 12:36:15,"O aplicativo tem muito potencial, por√©m acho que ele deveria permitir que nos coloc√°ssemos as vacinas j√° tomadas. N√£o testei caso seja feita uma nova vacina no posto j√° apare√ßa automaticamente b",4,50.0.9,1
371,2020-03-28 23:42:44,Muito bom,4,50.0.9,0
372,2020-03-28 21:59:48,O aplicativo e a id√©ia √© √≥tima mais n√£o consigo avaliar os servi√ßos toda vez que dou uma nota a nota n√£o √© arquivada,4,50.0.9,0
373,2020-03-24 01:55:36,Muito bom.,4,50.0.9,0
374,2020-03-21 19:15:08,"N√£o encontrei meus movimentos, completos tipo rem√©dios que tomo h√° 13 anos,procedimentos na coluna, √© nem marca consultas..?????",4,50.0.9,0
375,2020-03-20 21:47:38,Muito bom,4,50.0.9,0
377,2020-03-18 22:56:47,Muito bom,4,50.0.9,0
378,2020-03-13 08:51:21,"Precisa de ajustes, mas o App √© bom",4,50.0.9,0
380,2020-03-07 02:42:30,"O aplicativo at√© que √© bom. Espero que dure. O ruim √© toda hora tem que logar novamente, o app n√£o usa dados com pedidos m√©dicos, resultados de exames e demora para atualizar as vacinas tomadas.",4,50.0.9,3
382,2020-03-04 22:03:59,Muito legal,4,50.0.9,0
383,2020-03-02 04:14:00,"Ainda vou testar todas as suas fun√ß√µes, mas estou bem impressionado e empolgado.. com o app!! Espero que tudo funcione",4,50.0.9,1
384,2020-02-29 17:27:24,Otimo,4,50.0.9,0
385,2020-02-26 12:47:29,N√£o tem minhas vacinas que tomei. √â perdi meu cart√£o de vacina.,4,50.0.9,0
386,2020-02-22 13:02:13,Ainda n√£o tem todas as minhas informa√ß√µes.,4,50.0.9,0
387,2020-02-11 20:14:33,"O aplicativo √© uma id√©ia √≥tima, e pode sim facilitar muito a vida dos usu√°rios, al√©m de proporcionar uma aproxima√ß√£o dos usu√°rios com o atendimento prim√°rio, que √© de suma import√¢ncia pra sa√∫de coletiva. Uma pena que nem todas as UBS estejam cadastradas.",4,50.0.9,2
388,2020-02-07 20:31:06,parece funcionar,4,50.0.9,0
389,2020-02-04 11:42:52,Muito eficiente!!!,4,50.0.9,0
390,2020-02-04 07:56:39,Estou gostando,4,50.0.9,0
391,2020-02-03 15:58:22,"O app √© muito bonito e agrad√°vel! Possui uma interface limpa e as ilustra√ß√µes s√£o lindas. Funciona bem, mas gostaria de sugerir melhoras. 1. Achei um pouco confuso o fato de voc√™ poder navegar pelas op√ß√µes mesmo sem estar logado. Favor inserir uma tela inicial de login. 2. Gostaria de sugerir uma fun√ß√£o de ""Voltar para a fila de espera"" , quando optamos por cancelar a consulta pelo app. Isso evita voltar para o posto de sa√∫de para abrir novo agendamento. No mais, o app est√° √≥timo! Obrigada!",4,50.0.9,34
392,2020-01-23 14:28:05,O aplicativo poderia ter o hist√≥rico de procedimentos e cirurgias feitas pelo SUS do paciente.,4,50.0.9,0
393,2020-01-20 12:52:20,Bom,4,50.0.9,0
394,2020-01-20 05:47:32,"Ajuda....existe umas informa√ß√µes um pouco desatualizadas mais √© m√≠nima... mais ajuda bastante em modo geral, funciona bem....J6",4,50.0.9,0
395,2020-01-18 20:03:41,"Id√©ia excelente. Muito bom mesmo. Pena que os dados mais antigos n√£o est√£o no sistema, mas tem bastante recursos.",4,50.0.9,14
396,2020-01-16 22:24:09,"Ent√£o, eu acredito que ele precisa mudar. Poderia ter a op√ß√£o de acessar o cart√£o do SUS off line. Esses dias eu tentei e n√£o consegui. A sorte √© que eu n√£o tava precisando. Na CNH digital o acesso √© off line por exemplo.",4,50.0.9,1
397,2020-01-13 19:11:16,"Gostei bastante do app, ainda mais para um empreendimento p√∫blico, mas d√° para notar que ainda √© novo. S√≥ vi dois problemas: n√£o poder voc√™ mesmo gerenciar as vacinas que vc tomou ou deixou de tomar e n√£o haver notifica√ß√£o assim que s√£o disponibilizadas vacinas em postos de sa√∫de. Outra ideia √© colocar um infogr√°fico de onde elas t√£o dispon√≠veis e onde j√° acabaram.",4,50.0.9,19
399,2020-01-10 20:51:30,Poderia ter a op√ß√£o de salvar em pdf a guia de consulta assim evitaria de irmos ao posto de sa√∫de imprimir guia...ia facilitar e muito,4,50.0.9,3
400,2019-12-29 20:09:57,Muito bom. Espero que funcione!,4,50.0.9,0
402,2019-12-19 11:46:23,"bom demais, adianta legal",4,50.0.9,0
403,2019-12-13 19:48:11,Muito bom,4,50.0.9,0
404,2019-12-13 13:29:30,Ter mais espa√ßo,4,50.0.3,0
405,2019-12-13 12:49:56,"√â muito bom, s√≥ levar o seu cart√£o do sus na unidade de atendimento e pedir pra eles atualizarem no sistema, que todas suas vacinas, consultas, ficam no app igual uma caderneta digital.",4,50.0.9,49
406,2019-12-11 13:58:23,"Uma facilidade melhor , para agendamento.",4,50.0.9,1
407,2019-12-09 12:33:21,Bom...,4,50.0.9,0
408,2019-12-08 23:28:08,"Eu gosto muito desse aplicativo....muito √∫til, f√°cil de acessar.satisfeita.....",4,50.0.9,2
409,2019-12-07 13:46:12,Muito bom App,4,40.6.0.0.0,0
410,2019-12-05 04:28:46,App muito bom. S√≥ n√£o gostei de que tem gente pegando medicamentos e dizendo que estou sendo atendida por m√©dicos que n√£o conhe√ßo. Aproveita para roubar bem seus ladr√µes. Pq isso n√£o vai ficar assim o Minist√©rio P√∫blico vai investigar vcs . Ent√£o a√≠ quero ver .,4,50.0.9,1
411,2019-12-04 20:43:53,Cumpre o que diz!,4,50.0.9,0
412,2019-12-03 09:35:22,Excelente melhorias sempre ser√£o bem vindas.,4,50.0.9,0
413,2019-11-26 10:48:32,"O app √© bom. Mas j√° poderia estar sendo aplicado dentro dos PSF's e UBS's pelo menos, diminui bastante as filas e r√°pido no atendimento. E sobre as vacinas, poderia j√° ter o hist√≥rico, ou a pessoa poderia colocar seu quadro vacinal, pois fica parecendo que a pessoa n√£o √© vacinada.",4,50.0.9,12
414,2019-11-17 00:37:15,Uma boa para ter cart√£o de SUS sempre junto,4,50.0.9,0
415,2019-11-09 22:00:25,"Bem legal, milagrosamente sincronizado com o sistema do SUS, s√≥ que falta mais conte√∫do √∫til",4,50.0.8,4
416,2019-11-04 11:01:46,"A iniciativa do app √© excelente, por√©m, me parece inconveniente ter que fazer login a cada vez que utilizo o app.",4,50.0.7,3
417,2019-10-31 12:52:46,Muito importante,4,50.0.7,0
418,2019-10-30 16:21:03,Consegui o n√∫mero do meu cart√£o.,4,50.0.7,0
420,2019-10-19 09:22:33,"Muito bom, mas poderia disponibilizar conforme sua regi√£o, os endere√ßos para doa√ß√£o de sangue.",4,50.0.7,1
423,2019-10-17 13:30:45,Poderia permitir carregar mais de um CPF por device. Serious bom n√£o precisar deslogar o meu para consultar o da minha filha,4,50.0.7,0
424,2019-10-08 11:38:22,Aplicativo muito bom! Espero que o dados sejam atualizados e que os munic√≠pios alimentem este programa com as informa√ß√µes dos pacientes.,4,50.0.7,1
425,2019-10-01 16:37:15,"Est√° apresentando um bug ao mostrar o cart√£o do SUS, ele aparece apenas pela metade",4,50.0.6,0
426,2019-09-30 21:22:31,"A proposta do app √© bem interessante, contudo no meu dispositivo n√£o tive uma boa experi√™ncia pois ele ficou bem lento (quando n√£o travava). Espero que melhores. (deveria ter algum bot√£o para enviar feedback, ou algo que relate problemas encontrados)",4,50.0.6,3
427,2019-09-19 23:06:52,"Ap√≥s a √∫ltima atualiza√ß√£o voltou a funcionar, di 4 estrelas se continuar funcionando ganhar 5",4,50.0.6,0
428,2019-09-19 16:15:06,Deveria ter a op√ß√£o de excluir a foto do aplicativo!,4,50.0.6,0
429,2019-09-19 08:21:46,Bom... N√£o tem todas as informa√ßoes do paciente talvez pela proprio sistema do sus que est√° iniciando na informatica... A ideia √© boa e espero que evolua... antes tarde do que nunca... O app s√≥ tem um problema... Meu cadastro coloquei minha foto... No cadastro da minha filha aparece minha foto... Coloco a foto dela no cadastro dela.... Quando entro no meu cadastro aparece a foto da minha filha... Corrigindo isso fica perfeito...,4,50.0.5,3
430,2019-09-13 19:47:04,"Bom aplicativo, ajudou bastante. Deveria ter a op√ß√£o de Salvar o Cart√£o Sus em PDF ou liberar uma forma para salvar o mesmo.",4,50.0.5,1
431,2019-09-12 09:57:48,Gostei muito √© bem √∫til. Mas poderia ter a op√ß√£o de atualizar endere√ßos dos servi√ßos de sa√∫de. Sou agente de sa√∫de e meu posto de sa√∫de n√£o aparece no aplicativo e alguns estabelecimentos est√£o desatualizados os seu endere√ßos,4,50.0.5,0
432,2019-09-10 18:53:20,√ìtimo aplicativo com importante aplica√ß√£o. S√≥ falta as unidades de sa√∫de aderirem ao sistema ü§î,4,50.0.5,0
433,2019-09-08 23:39:07,Muito bom,4,50.0.5,0
434,2019-09-06 11:46:24,"App muito bom, mas falta puxar as informa√ß√µes das vacinas realizadas cadastradas no SIPNI, corrigir a data dos atendimentos anteriores, pois est√° trazendo informa√ß√µes com as datas de atendimento erradas, e Trazer as informa√ß√µes dos medicamentos entregues via Horus, mas notei que √© um app muito pr√°tico e de grande aux√≠lio √† popula√ß√£o",4,50.0.5,1
435,2019-08-30 10:23:01,√â bom mais ainda est√° muito desatualizado quanto as informa√ß√µes individuais. Ter que ficar fazendo login toda vez que acessar o app √© o maior defeito.,4,50.0.5,1
436,2019-08-26 08:50:13,Est√£o de parab√©ns pela aplica√ß√£o. Muito bom.,4,50.0.3,0
437,2019-08-24 08:00:37,Parab√©ns pela iniciativa.,4,50.0.5,0
438,2019-08-22 23:51:08,precisa conter a data de nascimento. do restante √© √≥timo!,4,50.0.4,0
439,2019-08-22 17:43:58,O pr√© cadastro n√£o funciona. O campo cor/ra√ßa sempre d√° erro.,4,50.0.4,0
440,2019-08-19 23:50:35,Falta adicionar o campo de esposa / marido na descri√ß√£o do tipo de familiar,4,50.0.4,1
441,2019-08-19 21:21:58,Muito bom. Por√©m faltou no grupo familiar o parentesco de esposo e esposa!,4,50.0.4,1
442,2019-08-17 09:05:07,"O aplicativo melhorou muito ap√≥s as atualiza√ß√µes. Intuitivo e funcional! Seria melhor se o hist√≥rico de vacina√ß√µes pudesse ser adicionado automaticamente, integrando o aplicatico ao sistema eletr√¥nico do SUS. Mas entendo a necessidade de comparecer a um posto de sa√∫de para adicionar o hist√≥rico de imuniza√ß√µes ao aplicativo. A maioria das pessoas n√£o tem essa informa√ß√£o digitalizada, apenas escrita na carteira de vacina√ß√£o.",4,50.0.4,0
444,2019-08-08 10:19:17,Desloga a conta sozinho.,4,50.0.3,0
445,2019-08-06 11:43:48,"Precisam corrigir erro de toda vez que for usar tem que entrar novamente, deveria permanecer conectado enquanto n√£o sair.",4,50.0.3,1
446,2019-08-05 23:51:10,"Pra ser 5 estrelas s√≥ faltou conseguir cadastrar familiares, quero incluir minha filha, mas no app n√£o d√° essa op√ß√£o.",4,50.0.3,0
447,2019-08-03 09:15:31,"O aplicativo parece bom, veremos mais conforme for sendo adicionados nossos dados no sistema. Um ponto a melhorar √© o cadastro fam√≠liar, n√£o aparece a op√ß√£o esposa... apenas filho, filha, m√£e e pai.",4,50.0.3,1
448,2019-08-02 16:11:08,"Espero que com o aplicativo, ao menos as pessoas que instalarem, n√£o precisar√£o ir at√© as unidades p√∫blicas para atualizar dados e validar Cart√µes. A vers√£o de 01.08.2019, n√£o segura o loqin. E a visualiza√ß√£o do cart√£o na vers√£o anterior √© mais vis√≠vel e tem uma apar√™ncia melhor para uso.",4,50.0.2,1
449,2019-08-02 15:51:42,"A nova interface do App est√° √≥tima, mas depois que atualizei o App o meu agendamento simplesmente desapareceu...",4,50.0.2,0
450,2019-08-02 15:33:20,Tem melhorado muito,4,50.0.1,0
451,2019-08-02 10:35:54,"Gostei mto, mas nossas informa√ß√µes deveriam constar no aplicativo",4,50.0.1,0
452,2019-07-31 09:55:41,as melhoras foram significantes. S√≥ falta colocar a opcao de impress√£o do cart√£o do sus.,4,50.0.1,0
453,2019-07-30 21:18:00,"App muito grande e finalmente traz as informa√ß√µes j√° existentes no BDN, mas, melhorem isso ai gente, ficou lindo, mais ainda sem meu hist√≥rico, algumas vacinas o governo n√£o sabe se tomei ou n√£o ainda ta fogo viu tenho meu cart√£o de vacinas mas falta iniciativa da unidade de saude para atualizar as informa√ß√µes, melhorem a divulga√ß√£o e treinamento dos atendentes e acompanhantes da s@ude! obrigado por me atenderem.",4,50.0.1,7
454,2019-07-19 17:48:34,"O app est√° muito melhor agora com o login pelo brasil.gov.br. S√≥ est√° acontecendo um erro: a data de nascimento est√° errada em um dia. O erro √© do app mesmo, fui em uma unidade do SUS e verifiquei meu cadastro e no sistema est√° correto.",4,41.0.3,0
455,2019-07-18 01:16:21,"Gostei. Consegui visualizar os cart√µes do SUS dos meus filhos e meu, j√° que n√£o os tenho em m√£os. Senti falta da op√ß√£o de imprimir os cart√µes. Para impress√£o com este fundo azul atrapalha um pouco.",4,41.0.3,0
457,2019-07-10 12:21:13,"muito √∫til, mas ainda possui algumas necessidades importantes como por exemplo uma forma de confirmar a consulta ou atendimento direto via app",4,41.0.3,0
458,2019-07-04 14:52:36,nao gostei ta faltando algumas informacoes no sistema,4,41.0.3,0
459,2019-07-01 12:59:44,Muito bom,4,41.0.3,0
460,2019-07-01 02:03:06,√â poss√≠vel cadastrar dependentes?,4,41.0.3,0
462,2019-06-16 01:05:52,"O aplicativo em si √© √≥timo, por√©m fica pedindo para logar o tempo todo",4,41.0.3,0
463,2019-06-14 15:01:40,"muito bom, mas pra merecer cinco estrelas precisa melhorar os Exames inserido hora, motivo: quem precisa fazer acompanhamento de glicemia faz alguns exames no mesmo dia e no modelo atual nao funciona. acredito que seria valido tamb√©m para a press√£o. aguardo.",4,41.0.3,1
464,2019-06-13 14:08:39,ola nao tou conseguindo ver meus agendamento e o app nao ta abrindo rapido como antes nao vejo minhas consultas me ajude ai,4,41.0.3,0
465,2019-06-10 12:54:02,bom,4,41.0.3,0
466,2019-06-10 09:24:41,como fa√ßo para acesso o cart√£o do sus que tem no aplicativo para fazer o download,4,41.0.3,0
467,2019-06-08 21:03:12,"excelente app, √≥timo visual. mas como est√£o as atualiza√ß√µes? como posso atualizar minhas vacinas?",4,41.0.3,0
468,2019-05-28 09:48:10,"Vou dar quatro estrelas, Porque ainda n√£o consegui resolver o que eu queria, diz que meu nome n√£o √© igual o da receita Federal.",4,41.0.3,0
469,2019-05-26 17:58:05,so n√£o gostei porque a gente n√£o pode colocar todo o estado pessoais,4,41.0.2,0
470,2019-05-22 13:14:58,"como fazer reclama√ß√£o? fui na UPA de nova Igua√ßu RJ n√£o fui , atendido",4,41.0.3,0
471,2019-05-22 11:52:39,Resolveu o problema do aplicativo ai eu aumentei as estrelas.,4,41.0.3,0
472,2019-05-21 10:09:15,aparece a frase recuperando dados e nao segue adiante..,4,41.0.3,0
473,2019-05-15 12:29:46,"Aplicativo muito bom e de muita utilidade. O problema √© que j√° tem uns dois meses que n√£o funciona em sua totalidade. Ap√≥s dado o comando para mostrar as consultas agendadas ou em fila de espera, o app engata na busca e n√£o mostra os resultados.",4,41.0.3,7
474,2019-05-14 14:33:22,Bom,4,41.0.3,0
475,2019-05-13 09:21:54,Ferramenta muito √∫til para cuidar da sa√∫de.,4,41.0.3,0
476,2019-05-01 08:26:50,"Bom dia, as desenvolvedores do aplicativo, eu gostaria que tivessem a op√ß√£o do cns (cart√£o nacional de sa√∫de) em pdf para impress√£o do mesmo! obrigado .",4,41.0.3,1
477,2019-04-28 06:55:35,"Aplicativo muito √∫til! Estou conferindo regularmente o calend√°rio vacinal por aqui. Podem melhorar a quest√£o da edi√ß√£o de alguns dados, porque na unidade de sa√∫de as atendentes nunca tem tempo de atualizar.",4,41.0.3,10
478,2019-04-22 16:34:15,"Fiz o meu cadastro corretamente, por√©m quando tento acessar no aplicativo o mesmo d√° uma mensagem de que ocorreu um erro inesperado e n√£o consifo acessar a minha conta. Ser√° que poderiam resolver??",4,41.0.3,2
479,2019-04-15 21:37:50,bom,4,41.0.3,0
480,2019-04-15 14:30:29,Depois da √∫ltima atualiza√ß√£o n√£o aparece e nem carrega os agendamentos bem como a fila de espera,4,41.0.3,0
481,2019-04-14 23:15:10,Funcionou perfeitamente. S√≥ n√£o dei 5 estrelas porque n√£o permite a inclus√£o de e-mail (que no cadastro √© informado e √© o que confirma o mesmo!!!) e tipo sangu√≠neo.,4,41.0.3,13
482,2019-04-10 11:31:00,esse App trava muito fora isso √© bom,4,41.0.2,0
483,2019-04-09 20:34:40,"o App √© muito bom e parabenizo o Minist√©rio da Sa√∫de pela iniciativa do programa, mas eu nao consigo acessar nenhum dos meus dados atrelados ao SUS. N√£o tenho acesso aos exames dos quais estou aguardando na fila de espera e n√£o consigo fazer agendamentos pelo App por limita√ß√µes da minha regi√£o. Eu queria saber como eu posso ter acesso aos meus dados, principalmente sobre os exames que estou aguardando na fila de espera, e se eu preciso ir ao posto de sa√∫de para atualizar meu cadastro.",4,41.0.3,28
484,2019-04-09 18:28:02,"Excelente iniciativa, aplicativo pr√°tico, e de boa utilidade. Parab√©ns!!!!",4,41.0.3,0
485,2019-04-08 11:37:04,"gostei do app, seria interessante poder adicionar os filhos por exemplo, j√° que assim, n√£o precisaria levar todos os exames quando vamos pro m√©dico e poderiamos consultar as d√∫vidas desde o app.",4,41.0.3,34
487,2019-04-02 21:06:51,"Muito bom, recomendo!!!",4,41.0.2,0
489,2019-03-30 10:01:59,"Deveria ser multi usu√°rio ou por n√∫cleo familiar, imagine uma fam√≠lia com 5 pessoas por exemplo, todos sob responsabilidade de uma delas, lembrar do cpf de cada qual para ter acesso ao app √© complicado.",4,41.0.2,0
490,2019-03-25 15:42:43,"Boa experi√™ncia, no entanto podia ter a op√ß√£o de agendar consultas m√©dicas sem precisar ir em algum posto m√©dico para fazer isso",4,41.0.2,46
491,2019-03-24 11:34:17,"exlente aplicativo, s√≥ falta marca√ß√£o de consulta pelo app e acabar com as pessoas terem que acordar de madrugada pra marcar consulta.",4,41.0.2,4
492,2019-03-01 15:59:45,"descliminacao racial,tribo de thah",4,41.0.2,0
493,2019-02-20 23:24:39,eu gostei muito do app! por√©m tenho uma d√∫vida! Eu posso substituir o cart√£o impresso por este online?,4,41.0.2,279
494,2019-02-18 06:53:14,bom aplicativo,4,41.0.2,0
495,2019-02-16 11:22:53,Na hora de avaliar o atendimento fica processando a avalia√ß√£o e n√£o disso,4,41.0.2,0
496,2019-02-15 08:54:45,sugiro espa√ßo para cadastrar e controlar dados de dependentes.,4,41.0.2,0
497,2019-02-14 00:35:39,"√ìtimo aplicativo ,melhorou muito depois da √∫ltima atualiza√ß√£o",4,41.0.2,1
498,2019-02-13 14:58:39,falta atualizar a base de dados de vacina√ß√£o.,4,41.0.2,0
499,2019-02-09 01:17:19,"Foi muito √∫til. Fui assaltada e perdi o cart√£o do sus, o app me ajudou a recuperar o n√∫mero do meh cart√£o.",4,41.0.2,51
500,2019-02-03 16:25:06,At√© o memento n√£o encontrei nenhuma dificuldade lara usar o app. Mas poderia ter a op√ß√£o baixar o cart√£o.,4,41.0.2,39
501,2019-01-29 18:50:49,Quando vou fazer o login  diz que o servi√ßo esta impossibilidade no momento e tento recuperar senha e a mesma coisa.,4,40.9.0.0.0,2
502,2019-01-29 11:50:23,"Gostei bastante da proposta. Consegui utilizar para a finalidade que precisava, embora tenha apresentado um pequena instabilidade no bot√£o de Login.",4,41.0.2,12
503,2019-01-28 12:30:45,nao consigo acessar o aplicativo depois da √∫ltima atualiza√ß√£o,4,41.0.2,1
504,2019-01-26 06:52:25,Estou esperando a atualiza√ß√£o prevista para saber o que mais posso fazer,4,41.0.2,3
505,2019-01-25 11:35:00,s√≥ falta a integra√ß√£o total dos sistemas com o app,4,40.9.0.0.0,0
506,2019-01-23 19:02:14,Aplicativo importante para que todos os cidad√£os tenham acesso a sua sa√∫de em seu smartphone. Precisa urgente de atualiza√ß√£o e compromisso por parte da gest√£o da sa√∫de p√∫blica.,4,40.9.0.0.0,0
507,2019-01-19 02:10:53,"baixei o App para ter acesso ao cart√£o do sus e consegui, para mim funcionou.",4,40.9.0.0.0,0
508,2019-01-19 02:06:08,"Boa noite!! consegui finalmente acessar! Uma dica √© antes de chegar ultima tentiva e bloquear voces fecham a janela e ficam tentando ate aparecer as perguntas que nao tenham como n√£o est√° certo. As minhas perguntas fooram o nome de minha mae, a cidade do meu cep e o cep.",4,40.9.0.0.0,0
509,2019-01-17 02:36:25,N√£o estou conseguindo adicionar o tipo sangu√≠neo,4,40.9.0.0.0,0
510,2019-01-13 23:41:31,√≥timo,4,40.9.0.0.0,0
511,2019-01-12 08:58:45,Sugiro adicionar um link de compartilhamento. Curioso n√£o ter.,4,40.9.0.0.0,0
512,2019-01-04 14:11:58,"Ate o momento est√° Ok. Apenas criaram um n√∫mero para o cartao Sus. pensei q seria o mesmo do cart√£o fisico. Pra quem esta dando erro, cadastrem pelo nr do cartao SUS e nao por CPF.",4,40.9.0.0.0,0
513,2019-01-01 10:22:31,legal.,4,40.9.0.0.0,0
